{
	"class_name" : "PinholeCameraParameters",
	"extrinsic" : 
	[
		0.67711782692669931,
		-0.11081196300900725,
		0.72748344126320497,
		0.0,
		0.46700842027689876,
		0.82871285004820527,
		-0.30844472366285725,
		0.0,
		-0.56869551066325474,
		0.54859431369553147,
		0.61288636396349105,
		0.0,
		0.70997029801036682,
		-0.56016119369340567,
		0.17153878129810496,
		1.0
	],
	"intrinsic" : 
	{
		"height" : 1055,
		"intrinsic_matrix" : 
		[
			913.65680099258282,
			0.0,
			0.0,
			0.0,
			913.65680099258282,
			0.0,
			959.5,
			527.0,
			1.0
		],
		"width" : 1920
	},
	"version_major" : 1,
	"version_minor" : 0
}