{
	"class_name" : "PinholeCameraParameters",
	"extrinsic" : 
	[
		0.98350307865614661,
		-0.12975420463400722,
		0.12603785405058937,
		0.0,
		0.15837417009933821,
		0.95431541229587835,
		-0.25337662895360696,
		0.0,
		-0.087403183690454703,
		0.26915783517175218,
		0.95912186047781678,
		0.0,
		0.076553679216347897,
		-0.20646595618484315,
		1.8671169261215435,
		1.0
	],
	"intrinsic" : 
	{
		"height" : 1055,
		"intrinsic_matrix" : 
		[
			913.65680099258282,
			0.0,
			0.0,
			0.0,
			913.65680099258282,
			0.0,
			959.5,
			527.0,
			1.0
		],
		"width" : 1920
	},
	"version_major" : 1,
	"version_minor" : 0
}