{
	"class_name" : "PinholeCameraParameters",
	"extrinsic" : 
	[
		0.95155369694855474,
		0.29456089528175616,
		0.088201138282611571,
		0.0,
		-0.27871805301144875,
		0.9474290280766996,
		-0.15714478573324583,
		0.0,
		-0.12985302749279787,
		0.12494845228513553,
		0.98362903348899988,
		0.0,
		0.077814256580396091,
		-0.053525830371036975,
		2.9081844742109979,
		1.0
	],
	"intrinsic" : 
	{
		"height" : 1055,
		"intrinsic_matrix" : 
		[
			913.65680099258282,
			0.0,
			0.0,
			0.0,
			913.65680099258282,
			0.0,
			959.5,
			527.0,
			1.0
		],
		"width" : 1920
	},
	"version_major" : 1,
	"version_minor" : 0
}