{
	"class_name" : "PinholeCameraParameters",
	"extrinsic" : 
	[
		0.75908325851322567,
		-0.53077282895649591,
		0.37692547099720136,
		0.0,
		0.38731530773767253,
		0.83359615778499963,
		0.39383283016802734,
		0.0,
		-0.52323938979879536,
		-0.15296290323998374,
		0.83834532932162265,
		0.0,
		0.64159598262943462,
		0.30927939258661846,
		1.2751819607187347,
		1.0
	],
	"intrinsic" : 
	{
		"height" : 1055,
		"intrinsic_matrix" : 
		[
			913.65680099258282,
			0.0,
			0.0,
			0.0,
			913.65680099258282,
			0.0,
			959.5,
			527.0,
			1.0
		],
		"width" : 1920
	},
	"version_major" : 1,
	"version_minor" : 0
}