{
	"class_name" : "PinholeCameraParameters",
	"extrinsic" : 
	[
		0.52556906817196258,
		0.00015158833568848507,
		0.85075092218688286,
		0.0,
		0.34851438635235943,
		0.91220214442244407,
		-0.21546454514962099,
		0.0,
		-0.77608947750004542,
		0.40974043580304736,
		0.47937240031277922,
		0.0,
		0.99040358026781017,
		-0.33153813614468952,
		0.59568808545139029,
		1.0
	],
	"intrinsic" : 
	{
		"height" : 1001,
		"intrinsic_matrix" : 
		[
			866.89142918822313,
			0.0,
			0.0,
			0.0,
			866.89142918822313,
			0.0,
			959.5,
			500.0,
			1.0
		],
		"width" : 1920
	},
	"version_major" : 1,
	"version_minor" : 0
}