{
	"class_name" : "PinholeCameraParameters",
	"extrinsic" : 
	[
		-0.16191212945178546,
		-0.94080620647861313,
		0.29777196675931306,
		0.0,
		0.88148419581365267,
		-0.0022455455936311315,
		0.47220818507915024,
		0.0,
		-0.44358773074460295,
		0.33893751544541079,
		0.82966938340313945,
		0.0,
		0.64845570323236612,
		-0.36438222891619776,
		4.1430860537004461,
		1.0
	],
	"intrinsic" : 
	{
		"height" : 1055,
		"intrinsic_matrix" : 
		[
			913.65680099258282,
			0.0,
			0.0,
			0.0,
			913.65680099258282,
			0.0,
			959.5,
			527.0,
			1.0
		],
		"width" : 1920
	},
	"version_major" : 1,
	"version_minor" : 0
}