{
	"class_name" : "PinholeCameraParameters",
	"extrinsic" : 
	[
		-0.7439517718564792,
		0.1957252786449134,
		0.6389267379371254,
		0.0,
		0.41133735551903194,
		0.88765967334885509,
		0.20703111907347008,
		0.0,
		-0.52662827602229512,
		0.41683560261759645,
		-0.74088510531944873,
		0.0,
		0.70784782604586827,
		-0.39783338284596514,
		2.1334802695204309,
		1.0
	],
	"intrinsic" : 
	{
		"height" : 1055,
		"intrinsic_matrix" : 
		[
			913.65680099258282,
			0.0,
			0.0,
			0.0,
			913.65680099258282,
			0.0,
			959.5,
			527.0,
			1.0
		],
		"width" : 1920
	},
	"version_major" : 1,
	"version_minor" : 0
}