{
	"class_name" : "PinholeCameraParameters",
	"extrinsic" : 
	[
		0.93523221605828233,
		-0.32719592329478225,
		0.13521660336655977,
		0.0,
		0.35389210220395817,
		0.87483090908780503,
		-0.33080396083219449,
		0.0,
		-0.010053956652871787,
		0.3572306093882211,
		0.93396210290982495,
		0.0,
		0.59916518766798277,
		1.3939281871565758,
		6.8144445896409875,
		1.0
	],
	"intrinsic" : 
	{
		"height" : 1055,
		"intrinsic_matrix" : 
		[
			913.65680099258282,
			0.0,
			0.0,
			0.0,
			913.65680099258282,
			0.0,
			959.5,
			527.0,
			1.0
		],
		"width" : 1920
	},
	"version_major" : 1,
	"version_minor" : 0
}