{
	"class_name" : "PinholeCameraParameters",
	"extrinsic" : 
	[
		0.71439899604914447,
		0.68294832974829456,
		-0.15236683805208218,
		0.0,
		-0.61763275007495466,
		0.71778574970157494,
		0.32142402455354324,
		0.0,
		0.32888274579068938,
		-0.13551825124079409,
		0.93459667402672364,
		0.0,
		-0.50545287636594505,
		0.21544564548413164,
		3.1086483512689691,
		1.0
	],
	"intrinsic" : 
	{
		"height" : 1055,
		"intrinsic_matrix" : 
		[
			913.65680099258282,
			0.0,
			0.0,
			0.0,
			913.65680099258282,
			0.0,
			959.5,
			527.0,
			1.0
		],
		"width" : 1920
	},
	"version_major" : 1,
	"version_minor" : 0
}