{
	"class_name" : "PinholeCameraParameters",
	"extrinsic" : 
	[
		0.98291808445789686,
		-0.015226508949226877,
		0.18341262952926105,
		0.0,
		0.084651410269752786,
		0.92230247115356401,
		-0.37708393023751546,
		0.0,
		-0.16342024961723939,
		0.38616875213984958,
		0.90783672369308288,
		0.0,
		0.15980512449975687,
		-0.35732744817009621,
		0.74484093030865162,
		1.0
	],
	"intrinsic" : 
	{
		"height" : 1055,
		"intrinsic_matrix" : 
		[
			913.65680099258282,
			0.0,
			0.0,
			0.0,
			913.65680099258282,
			0.0,
			959.5,
			527.0,
			1.0
		],
		"width" : 1920
	},
	"version_major" : 1,
	"version_minor" : 0
}