{
	"class_name" : "PinholeCameraParameters",
	"extrinsic" : 
	[
		-0.45218343330617727,
		-0.78669149999379229,
		0.42029350040293884,
		0.0,
		0.79000381793483687,
		-0.13451581169017482,
		0.59816340915649013,
		0.0,
		-0.41403394823591361,
		0.60251305400202793,
		0.68231511009600998,
		0.0,
		0.61603281054028503,
		-0.7062608323277384,
		4.3302057932989539,
		1.0
	],
	"intrinsic" : 
	{
		"height" : 1055,
		"intrinsic_matrix" : 
		[
			913.65680099258282,
			0.0,
			0.0,
			0.0,
			913.65680099258282,
			0.0,
			959.5,
			527.0,
			1.0
		],
		"width" : 1920
	},
	"version_major" : 1,
	"version_minor" : 0
}