{
	"class_name" : "PinholeCameraParameters",
	"extrinsic" : 
	[
		-0.83457440644355341,
		0.54363426299957551,
		0.089147900717285039,
		0.0,
		0.46270932733793457,
		0.60391601447443388,
		0.64898807836183825,
		0.0,
		0.29897431077580339,
		0.58287840546225744,
		-0.75555749347214451,
		0.0,
		-0.25845463875510982,
		-0.64472586068262339,
		2.3019995178808901,
		1.0
	],
	"intrinsic" : 
	{
		"height" : 1055,
		"intrinsic_matrix" : 
		[
			913.65680099258282,
			0.0,
			0.0,
			0.0,
			913.65680099258282,
			0.0,
			959.5,
			527.0,
			1.0
		],
		"width" : 1920
	},
	"version_major" : 1,
	"version_minor" : 0
}