{
	"class_name" : "PinholeCameraParameters",
	"extrinsic" : 
	[
		0.90975065461912552,
		0.41398587680349447,
		0.031135835099039111,
		0.0,
		-0.4029032885755307,
		0.89850167715318807,
		-0.17425176098946898,
		0.0,
		-0.10011336811382998,
		0.14598092327475651,
		0.98420876015444747,
		0.0,
		0.029213423599193357,
		-0.09055191362709139,
		0.10040231930898522,
		1.0
	],
	"intrinsic" : 
	{
		"height" : 1055,
		"intrinsic_matrix" : 
		[
			913.65680099258282,
			0.0,
			0.0,
			0.0,
			913.65680099258282,
			0.0,
			959.5,
			527.0,
			1.0
		],
		"width" : 1920
	},
	"version_major" : 1,
	"version_minor" : 0
}