{
	"class_name" : "PinholeCameraParameters",
	"extrinsic" : 
	[
		0.92118682341944891,
		0.10387344992200233,
		0.37500019034620025,
		0.0,
		-0.27039733032054541,
		0.86389564549485054,
		0.42493481553122625,
		0.0,
		-0.27982158621862441,
		-0.49284340321884873,
		0.82389638898938999,
		0.0,
		0.26163943268473977,
		0.69301294439616812,
		5.417015330168776,
		1.0
	],
	"intrinsic" : 
	{
		"height" : 1055,
		"intrinsic_matrix" : 
		[
			913.65680099258282,
			0.0,
			0.0,
			0.0,
			913.65680099258282,
			0.0,
			959.5,
			527.0,
			1.0
		],
		"width" : 1920
	},
	"version_major" : 1,
	"version_minor" : 0
}