{
	"class_name" : "PinholeCameraParameters",
	"extrinsic" : 
	[
		0.18792096691979523,
		-0.57722293873902375,
		0.79466935840349007,
		0.0,
		0.47714190095529979,
		0.7608487203501656,
		0.43982363635243454,
		0.0,
		-0.85849945634501845,
		0.29651796528203983,
		0.41839667747283438,
		0.0,
		1.0854454529155104,
		-0.24063402125095468,
		5.8887455542528677,
		1.0
	],
	"intrinsic" : 
	{
		"height" : 1055,
		"intrinsic_matrix" : 
		[
			913.65680099258282,
			0.0,
			0.0,
			0.0,
			913.65680099258282,
			0.0,
			959.5,
			527.0,
			1.0
		],
		"width" : 1920
	},
	"version_major" : 1,
	"version_minor" : 0
}