{
	"class_name" : "PinholeCameraParameters",
	"extrinsic" : 
	[
		0.52498589054563927,
		-0.61960553441182487,
		0.58350560961677067,
		0.0,
		0.65771516159681198,
		0.73047093744025893,
		0.18391023832519238,
		0.0,
		-0.54018569115969917,
		0.28723020607412869,
		0.79101088980173462,
		0.0,
		0.70542124148960406,
		-0.2309279325060114,
		1.2975774260151176,
		1.0
	],
	"intrinsic" : 
	{
		"height" : 1055,
		"intrinsic_matrix" : 
		[
			913.65680099258282,
			0.0,
			0.0,
			0.0,
			913.65680099258282,
			0.0,
			959.5,
			527.0,
			1.0
		],
		"width" : 1920
	},
	"version_major" : 1,
	"version_minor" : 0
}