{
	"class_name" : "PinholeCameraParameters",
	"extrinsic" : 
	[
		0.62674216999303267,
		-0.21355644265739981,
		0.74939168540352874,
		0.0,
		0.018445434164616813,
		0.96550849805923833,
		0.25971735816820679,
		0.0,
		-0.7790083557388221,
		-0.14895296564657759,
		0.60906403252382768,
		0.0,
		0.91377788318092135,
		0.30457681467595477,
		1.5184980728638602,
		1.0
	],
	"intrinsic" : 
	{
		"height" : 1055,
		"intrinsic_matrix" : 
		[
			913.65680099258282,
			0.0,
			0.0,
			0.0,
			913.65680099258282,
			0.0,
			959.5,
			527.0,
			1.0
		],
		"width" : 1920
	},
	"version_major" : 1,
	"version_minor" : 0
}