{
	"class_name" : "PinholeCameraParameters",
	"extrinsic" : 
	[
		0.34738176434693174,
		-0.92675274313510092,
		0.14302189654307615,
		0.0,
		0.903393082838303,
		0.37164008596594406,
		0.21392658643360066,
		0.0,
		-0.25140972073314882,
		0.054890796995409816,
		0.96632300641456792,
		0.0,
		0.393851702308462,
		0.022610936623629813,
		1.1105420789752873,
		1.0
	],
	"intrinsic" : 
	{
		"height" : 1055,
		"intrinsic_matrix" : 
		[
			913.65680099258282,
			0.0,
			0.0,
			0.0,
			913.65680099258282,
			0.0,
			959.5,
			527.0,
			1.0
		],
		"width" : 1920
	},
	"version_major" : 1,
	"version_minor" : 0
}