{
	"class_name" : "PinholeCameraParameters",
	"extrinsic" : 
	[
		0.98255524066775179,
		-0.1843562749494112,
		-0.024453280416205203,
		0.0,
		0.18536459139139422,
		0.98145796801084628,
		0.048787552575654335,
		0.0,
		0.015005575451741993,
		-0.052469237795091696,
		0.9985097955406167,
		0.0,
		-0.044060198576394621,
		0.18835725029307138,
		5.1808511166590403,
		1.0
	],
	"intrinsic" : 
	{
		"height" : 1055,
		"intrinsic_matrix" : 
		[
			913.65680099258282,
			0.0,
			0.0,
			0.0,
			913.65680099258282,
			0.0,
			959.5,
			527.0,
			1.0
		],
		"width" : 1920
	},
	"version_major" : 1,
	"version_minor" : 0
}