{
	"class_name" : "PinholeCameraParameters",
	"extrinsic" : 
	[
		0.62400561518839781,
		-0.45206848909518338,
		0.63737828122751983,
		0.0,
		0.38794572757154483,
		0.88726968440398779,
		0.24950074067351549,
		0.0,
		-0.67831784929510297,
		0.091578317875172954,
		0.72903930416872587,
		0.0,
		0.83578742659843619,
		0.016053585225973388,
		4.1490208915709701,
		1.0
	],
	"intrinsic" : 
	{
		"height" : 1055,
		"intrinsic_matrix" : 
		[
			913.65680099258282,
			0.0,
			0.0,
			0.0,
			913.65680099258282,
			0.0,
			959.5,
			527.0,
			1.0
		],
		"width" : 1920
	},
	"version_major" : 1,
	"version_minor" : 0
}