{
	"class_name" : "PinholeCameraParameters",
	"extrinsic" : 
	[
		0.97788870828548913,
		-0.18406901122540481,
		-0.099258618337348156,
		0.0,
		0.1251151585172508,
		0.89526940151864365,
		-0.42759665084475684,
		0.0,
		0.16757049655873418,
		0.40572317879429992,
		0.8985036621361695,
		0.0,
		-0.23545463126181887,
		-0.37595334152964432,
		-0.1477200524971613,
		1.0
	],
	"intrinsic" : 
	{
		"height" : 1055,
		"intrinsic_matrix" : 
		[
			913.65680099258282,
			0.0,
			0.0,
			0.0,
			913.65680099258282,
			0.0,
			959.5,
			527.0,
			1.0
		],
		"width" : 1920
	},
	"version_major" : 1,
	"version_minor" : 0
}