{
	"class_name" : "PinholeCameraParameters",
	"extrinsic" : 
	[
		0.87347568025755884,
		-0.43709102679592071,
		0.21445668628672487,
		0.0,
		0.43879609411739595,
		0.89759459841714995,
		0.042212849698556314,
		0.0,
		-0.21094602102412938,
		0.057230858693918002,
		0.9758208877797423,
		0.0,
		0.26443848640799983,
		0.058082581598679191,
		1.075296532262088,
		1.0
	],
	"intrinsic" : 
	{
		"height" : 1055,
		"intrinsic_matrix" : 
		[
			913.65680099258282,
			0.0,
			0.0,
			0.0,
			913.65680099258282,
			0.0,
			959.5,
			527.0,
			1.0
		],
		"width" : 1920
	},
	"version_major" : 1,
	"version_minor" : 0
}