{
	"class_name" : "PinholeCameraParameters",
	"extrinsic" : 
	[
		0.46197134587006866,
		0.045238479923611512,
		0.8857403431758083,
		0.0,
		0.1131643456191587,
		0.98752842028840793,
		-0.10945980999101601,
		0.0,
		-0.87964555729883909,
		0.15080152206421105,
		0.45109045042821766,
		0.0,
		1.0662417845005978,
		0.0074990394622284906,
		0.82931070181665678,
		1.0
	],
	"intrinsic" : 
	{
		"height" : 1001,
		"intrinsic_matrix" : 
		[
			866.89142918822313,
			0.0,
			0.0,
			0.0,
			866.89142918822313,
			0.0,
			959.5,
			500.0,
			1.0
		],
		"width" : 1920
	},
	"version_major" : 1,
	"version_minor" : 0
}