{
	"class_name" : "PinholeCameraParameters",
	"extrinsic" : 
	[
		0.88743456330276793,
		-0.30021208487305073,
		0.34976077531907701,
		0.0,
		0.40155762207276791,
		0.87608547770962619,
		-0.26688145664613044,
		0.0,
		-0.22629929741581126,
		0.37728893416382159,
		0.89802098424626908,
		0.0,
		0.27792805275112509,
		-0.33818113432621366,
		1.1262891022664434,
		1.0
	],
	"intrinsic" : 
	{
		"height" : 1055,
		"intrinsic_matrix" : 
		[
			913.65680099258282,
			0.0,
			0.0,
			0.0,
			913.65680099258282,
			0.0,
			959.5,
			527.0,
			1.0
		],
		"width" : 1920
	},
	"version_major" : 1,
	"version_minor" : 0
}