{
	"class_name" : "PinholeCameraParameters",
	"extrinsic" : 
	[
		0.708364304813488,
		-0.37759284438532181,
		0.59635866350301825,
		0.0,
		0.2868091315536509,
		0.92596705563194859,
		0.24561256877802612,
		0.0,
		-0.64495002420617409,
		-0.0029420661621048783,
		0.7642190854219445,
		0.0,
		0.78364104665534651,
		0.25287469051349704,
		3.6227662504741609,
		1.0
	],
	"intrinsic" : 
	{
		"height" : 1001,
		"intrinsic_matrix" : 
		[
			866.89142918822313,
			0.0,
			0.0,
			0.0,
			866.89142918822313,
			0.0,
			959.5,
			500.0,
			1.0
		],
		"width" : 1920
	},
	"version_major" : 1,
	"version_minor" : 0
}