{
	"class_name" : "PinholeCameraParameters",
	"extrinsic" : 
	[
		0.94959530981184737,
		-0.071808660496099352,
		0.30514302197674048,
		0.0,
		0.20753903769769724,
		0.8735420753724531,
		-0.44028603246696507,
		0.0,
		-0.23493891847638904,
		0.48142264054751677,
		0.84441455799470988,
		0.0,
		0.26243365563535165,
		-0.47552946352786224,
		-0.28581063069952872,
		1.0
	],
	"intrinsic" : 
	{
		"height" : 1001,
		"intrinsic_matrix" : 
		[
			866.89142918822313,
			0.0,
			0.0,
			0.0,
			866.89142918822313,
			0.0,
			959.5,
			500.0,
			1.0
		],
		"width" : 1920
	},
	"version_major" : 1,
	"version_minor" : 0
}