{
	"class_name" : "PinholeCameraParameters",
	"extrinsic" : 
	[
		0.94048051232262042,
		-0.30897803355484138,
		0.14152378147140124,
		0.0,
		0.33328969122944024,
		0.91996703467018692,
		-0.2063459154922325,
		0.0,
		-0.066440858374693074,
		0.24123272974604099,
		0.96819026148671194,
		0.0,
		0.07395785281549111,
		-0.1680313767049888,
		3.3195685801485486,
		1.0
	],
	"intrinsic" : 
	{
		"height" : 1055,
		"intrinsic_matrix" : 
		[
			913.65680099258282,
			0.0,
			0.0,
			0.0,
			913.65680099258282,
			0.0,
			959.5,
			527.0,
			1.0
		],
		"width" : 1920
	},
	"version_major" : 1,
	"version_minor" : 0
}