{
	"class_name" : "PinholeCameraParameters",
	"extrinsic" : 
	[
		0.87844582525809212,
		-0.051603037107886086,
		0.47504742778787018,
		0.0,
		0.25116165081486086,
		0.89560898937199462,
		-0.36715441345029282,
		0.0,
		-0.40651046388326034,
		0.44183895789904809,
		0.79970468176452481,
		0.0,
		0.47853881184774821,
		-0.42603541883624096,
		0.20621567895148263,
		1.0
	],
	"intrinsic" : 
	{
		"height" : 1055,
		"intrinsic_matrix" : 
		[
			913.65680099258282,
			0.0,
			0.0,
			0.0,
			913.65680099258282,
			0.0,
			959.5,
			527.0,
			1.0
		],
		"width" : 1920
	},
	"version_major" : 1,
	"version_minor" : 0
}