{
	"class_name" : "PinholeCameraParameters",
	"extrinsic" : 
	[
		0.81879891156719176,
		-0.42695942630807071,
		0.38376293555144875,
		0.0,
		0.42079592244284936,
		0.90109226760774364,
		0.10470681407151218,
		0.0,
		-0.3905113750863779,
		0.075752053069325115,
		0.91747615357780754,
		0.0,
		0.48213035030533358,
		0.035604119628256062,
		1.1449997409064974,
		1.0
	],
	"intrinsic" : 
	{
		"height" : 1055,
		"intrinsic_matrix" : 
		[
			913.65680099258282,
			0.0,
			0.0,
			0.0,
			913.65680099258282,
			0.0,
			959.5,
			527.0,
			1.0
		],
		"width" : 1920
	},
	"version_major" : 1,
	"version_minor" : 0
}