{
	"class_name" : "PinholeCameraParameters",
	"extrinsic" : 
	[
		0.94097499670747509,
		-0.08727842628747276,
		0.32702986389036343,
		0.0,
		0.091462003781478049,
		0.99580518402725648,
		0.0025956364766593146,
		0.0,
		-0.32588457686064914,
		0.027468377622718376,
		0.94501043951648034,
		0.0,
		0.35912697092894397,
		0.088655704822288905,
		5.2229918748088551,
		1.0
	],
	"intrinsic" : 
	{
		"height" : 1055,
		"intrinsic_matrix" : 
		[
			913.65680099258282,
			0.0,
			0.0,
			0.0,
			913.65680099258282,
			0.0,
			959.5,
			527.0,
			1.0
		],
		"width" : 1920
	},
	"version_major" : 1,
	"version_minor" : 0
}