{
	"class_name" : "PinholeCameraParameters",
	"extrinsic" : 
	[
		0.96687478280398209,
		0.24942223582623588,
		-0.054237465401641052,
		0.0,
		-0.19689116895896058,
		0.86400524005448054,
		0.4633884037655383,
		0.0,
		0.16244082603744256,
		-0.43735968428038846,
		0.88449391439536329,
		0.0,
		-0.41936726677446334,
		0.69689273285108966,
		5.2800977789819683,
		1.0
	],
	"intrinsic" : 
	{
		"height" : 1001,
		"intrinsic_matrix" : 
		[
			866.89142918822313,
			0.0,
			0.0,
			0.0,
			866.89142918822313,
			0.0,
			959.5,
			500.0,
			1.0
		],
		"width" : 1920
	},
	"version_major" : 1,
	"version_minor" : 0
}